timestamp,node,raw_line
06:23:34.428,MASTER,=== LoRa MASTER-SLAVE 3 NODE ===
06:23:34.444,MASTER,Init LoRa ... OK
06:23:34.449,MASTER,Freq: 433.00 MHz
06:23:34.449,MASTER,SF7 | BW: 125.00 kHz
06:23:34.453,MASTER,Peran: MASTER (env master)
06:23:34.453,MASTER,Slave: env slave1 (S1) & slave2 (S2)
06:23:34.457,MASTER,========================================
06:23:34.461,MASTER,=== CYCLE 1 ===
06:23:34.461,MASTER,[TX] POLL:1
06:23:34.492,S1,=== LoRa SLAVE 1 ===
06:23:34.512,S1,Init LoRa ... OK
06:23:34.513,S1,Freq: 433.00 MHz
06:23:34.515,S1,Menunggu POLL:1 dari Master...
06:23:34.989,MASTER,[FAIL] Slave 1 tidak merespon!
06:23:34.990,MASTER,[TX] POLL:2
06:23:35.019,S1,[IGNORE] POLL:2
06:23:35.061,S1,[IGNORE] S2:DATA:1
06:23:35.063,MASTER,[RX] S2:DATA:1 | RSSI: -40 dBm | SNR: 5.50 dB
06:23:35.064,MASTER,--- STATISTIK ---
06:23:35.067,MASTER,S1: OK=0 | FAIL=1 | Data: 0
06:23:35.071,MASTER,S2: OK=1 | FAIL=0 | Data: 1
06:23:35.071,MASTER,Durasi siklus: 611 ms
06:23:35.075,MASTER,========================================
06:23:35.575,MASTER,========================================
06:23:35.575,MASTER,=== CYCLE 2 ===
06:23:35.576,MASTER,[TX] POLL:1
06:23:35.609,S1,[RX] POLL:1 | RSSI: -62 dBm | SNR: 9.00 dB | RX#: 1
06:23:35.610,S1,[TX] S1:DATA:1
06:23:35.649,MASTER,[RX] S1:DATA:1 | RSSI: -56 dBm | SNR: 9.50 dB
06:23:35.649,MASTER,[TX] POLL:2
06:23:35.679,S1,[IGNORE] POLL:2
06:23:35.720,S1,[IGNORE] S2:DATA:2
06:23:35.722,MASTER,[RX] S2:DATA:2 | RSSI: -40 dBm | SNR: 6.00 dB
06:23:35.723,MASTER,--- STATISTIK ---
06:23:35.727,MASTER,S1: OK=1 | FAIL=1 | Data: 1
06:23:35.727,MASTER,S2: OK=2 | FAIL=0 | Data: 2
06:23:35.731,MASTER,Durasi siklus: 148 ms
06:23:35.734,MASTER,========================================
06:23:36.231,MASTER,========================================
06:23:36.234,MASTER,=== CYCLE 3 ===
06:23:36.235,MASTER,[TX] POLL:1
06:23:36.265,S1,[RX] POLL:1 | RSSI: -62 dBm | SNR: 9.00 dB | RX#: 2
06:23:36.268,S1,[TX] S1:DATA:2
06:23:36.304,MASTER,[RX] S1:DATA:2 | RSSI: -56 dBm | SNR: 9.50 dB
06:23:36.305,MASTER,[TX] POLL:2
06:23:36.334,S1,[IGNORE] POLL:2
06:23:36.380,S1,[IGNORE] S2:DATA:3
06:23:36.380,MASTER,[RX] S2:DATA:3 | RSSI: -39 dBm | SNR: 6.00 dB
06:23:36.382,MASTER,--- STATISTIK ---
06:23:36.382,MASTER,S1: OK=2 | FAIL=1 | Data: 2
06:23:36.386,MASTER,S2: OK=3 | FAIL=0 | Data: 3
06:23:36.386,MASTER,Durasi siklus: 147 ms
06:23:36.390,MASTER,========================================
06:23:36.891,MASTER,========================================
06:23:36.891,MASTER,=== CYCLE 4 ===
06:23:36.891,MASTER,[TX] POLL:1
06:23:36.924,S1,[RX] POLL:1 | RSSI: -62 dBm | SNR: 8.75 dB | RX#: 3
06:23:36.924,S1,[TX] S1:DATA:3
06:23:36.964,MASTER,[RX] S1:DATA:3 | RSSI: -56 dBm | SNR: 9.50 dB
06:23:36.964,MASTER,[TX] POLL:2
06:23:36.994,S1,[IGNORE] POLL:2
06:23:37.034,S1,[IGNORE] S2:DATA:4
06:23:37.037,MASTER,[RX] S2:DATA:4 | RSSI: -40 dBm | SNR: 4.75 dB
06:23:37.038,MASTER,--- STATISTIK ---
06:23:37.041,MASTER,S1: OK=3 | FAIL=1 | Data: 3
06:23:37.042,MASTER,S2: OK=4 | FAIL=0 | Data: 4
06:23:37.045,MASTER,Durasi siklus: 148 ms
06:23:37.049,MASTER,========================================
06:23:37.545,MASTER,========================================
06:23:37.549,MASTER,=== CYCLE 5 ===
06:23:37.549,MASTER,[TX] POLL:1
06:23:37.580,S1,[RX] POLL:1 | RSSI: -59 dBm | SNR: 8.25 dB | RX#: 4
06:23:37.583,S1,[TX] S1:DATA:4
06:23:37.619,MASTER,[RX] S1:DATA:4 | RSSI: -56 dBm | SNR: 9.25 dB
06:23:37.619,MASTER,[TX] POLL:2
06:23:37.656,S1,[IGNORE] POLL:2
06:23:37.690,S1,[IGNORE] S2:DATA:5
06:23:37.693,MASTER,[RX] S2:DATA:5 | RSSI: -39 dBm | SNR: 8.25 dB
06:23:37.697,MASTER,--- STATISTIK ---
06:23:37.697,MASTER,S1: OK=4 | FAIL=1 | Data: 4
06:23:37.701,MASTER,S2: OK=5 | FAIL=0 | Data: 5
06:23:37.701,MASTER,Durasi siklus: 147 ms
06:23:37.705,MASTER,========================================
06:23:38.205,MASTER,========================================
06:23:38.205,MASTER,=== CYCLE 6 ===
06:23:38.205,MASTER,[TX] POLL:1
06:23:38.239,S1,[RX] POLL:1 | RSSI: -61 dBm | SNR: 9.25 dB | RX#: 5
06:23:38.239,S1,[TX] S1:DATA:5
06:23:38.279,MASTER,[RX] S1:DATA:5 | RSSI: -56 dBm | SNR: 9.25 dB
06:23:38.279,MASTER,[TX] POLL:2
06:23:38.309,S1,[IGNORE] POLL:2
06:23:38.349,S1,[IGNORE] S2:DATA:6
06:23:38.352,MASTER,[RX] S2:DATA:6 | RSSI: -40 dBm | SNR: 7.75 dB
06:23:38.352,MASTER,--- STATISTIK ---
06:23:38.356,MASTER,S1: OK=5 | FAIL=1 | Data: 5
06:23:38.356,MASTER,S2: OK=6 | FAIL=0 | Data: 6
06:23:38.360,MASTER,Durasi siklus: 147 ms
06:23:38.364,MASTER,========================================
06:23:38.860,MASTER,========================================
06:23:38.864,MASTER,=== CYCLE 7 ===
06:23:38.864,MASTER,[TX] POLL:1
06:23:38.891,S2,[IGNORE] POLL:1
06:23:38.894,S1,[RX] POLL:1 | RSSI: -62 dBm | SNR: 9.25 dB | RX#: 6
06:23:38.898,S1,[TX] S1:DATA:6
06:23:38.934,S2,[IGNORE] S1:DATA:6
06:23:38.934,MASTER,[RX] S1:DATA:6 | RSSI: -56 dBm | SNR: 9.50 dB
06:23:38.937,MASTER,[TX] POLL:2
06:23:38.967,S1,[IGNORE] POLL:2
06:23:38.969,S2,[RX] POLL:2 | RSSI: -33 dBm | SNR: 8.75 dB | RX#: 7
06:23:38.969,S2,[TX] S2:DATA:7
06:23:39.005,S1,[IGNORE] S2:DATA:7
06:23:39.007,MASTER,[RX] S2:DATA:7 | RSSI: -39 dBm | SNR: 8.00 dB
06:23:39.011,MASTER,--- STATISTIK ---
06:23:39.011,MASTER,S1: OK=6 | FAIL=1 | Data: 6
06:23:39.016,MASTER,S2: OK=7 | FAIL=0 | Data: 7
06:23:39.016,MASTER,Durasi siklus: 148 ms
06:23:39.020,MASTER,========================================
06:23:39.519,MASTER,========================================
06:23:39.520,MASTER,=== CYCLE 8 ===
06:23:39.520,MASTER,[TX] POLL:1
06:23:39.550,S2,[IGNORE] POLL:1
06:23:39.553,S1,[RX] POLL:1 | RSSI: -62 dBm | SNR: 9.25 dB | RX#: 7
06:23:39.554,S1,[TX] S1:DATA:7
06:23:39.591,S2,[IGNORE] S1:DATA:7
06:23:39.593,MASTER,[RX] S1:DATA:7 | RSSI: -55 dBm | SNR: 9.50 dB
06:23:39.593,MASTER,[TX] POLL:2
06:23:39.623,S1,[IGNORE] POLL:2
06:23:39.628,S2,[RX] POLL:2 | RSSI: -33 dBm | SNR: 8.75 dB | RX#: 8
06:23:39.628,S2,[TX] S2:DATA:8
06:23:39.664,S1,[IGNORE] S2:DATA:8
06:23:39.667,MASTER,[RX] S2:DATA:8 | RSSI: -40 dBm | SNR: 8.00 dB
06:23:39.667,MASTER,--- STATISTIK ---
06:23:39.671,MASTER,S1: OK=7 | FAIL=1 | Data: 7
06:23:39.671,MASTER,S2: OK=8 | FAIL=0 | Data: 8
06:23:39.675,MASTER,Durasi siklus: 147 ms
06:23:39.679,MASTER,========================================
06:23:40.175,MASTER,========================================
06:23:40.179,MASTER,=== CYCLE 9 ===
06:23:40.179,MASTER,[TX] POLL:1
06:23:40.206,S2,[IGNORE] POLL:1
06:23:40.212,S1,[RX] POLL:1 | RSSI: -62 dBm | SNR: 9.25 dB | RX#: 8
06:23:40.213,S1,[TX] S1:DATA:8
06:23:40.247,S2,[IGNORE] S1:DATA:8
06:23:40.248,MASTER,[RX] S1:DATA:8 | RSSI: -55 dBm | SNR: 9.75 dB
06:23:40.252,MASTER,[TX] POLL:2
06:23:40.282,S1,[IGNORE] POLL:2
06:23:40.284,S2,[RX] POLL:2 | RSSI: -33 dBm | SNR: 8.75 dB | RX#: 9
06:23:40.284,S2,[TX] S2:DATA:9
06:23:40.319,S1,[IGNORE] S2:DATA:9
06:23:40.322,MASTER,[RX] S2:DATA:9 | RSSI: -40 dBm | SNR: 8.00 dB
06:23:40.326,MASTER,--- STATISTIK ---
06:23:40.326,MASTER,S1: OK=8 | FAIL=1 | Data: 8
06:23:40.330,MASTER,S2: OK=9 | FAIL=0 | Data: 9
06:23:40.330,MASTER,Durasi siklus: 148 ms
06:23:40.334,MASTER,========================================
06:23:40.835,MASTER,========================================
06:23:40.835,MASTER,=== CYCLE 10 ===
06:23:40.838,MASTER,[TX] POLL:1
06:23:40.865,S2,[IGNORE] POLL:1
06:23:40.869,S1,[RX] POLL:1 | RSSI: -62 dBm | SNR: 9.25 dB | RX#: 9
06:23:40.869,S1,[TX] S1:DATA:9
06:23:40.906,S2,[IGNORE] S1:DATA:9
06:23:40.908,MASTER,[RX] S1:DATA:9 | RSSI: -56 dBm | SNR: 9.75 dB
06:23:40.908,MASTER,[TX] POLL:2
06:23:40.938,S1,[IGNORE] POLL:2
06:23:40.943,S2,[RX] POLL:2 | RSSI: -33 dBm | SNR: 8.75 dB | RX#: 10
06:23:40.943,S2,[TX] S2:DATA:10
06:23:40.980,S1,[IGNORE] S2:DATA:10
06:23:40.981,MASTER,[RX] S2:DATA:10 | RSSI: -40 dBm | SNR: 5.50 dB
06:23:40.982,MASTER,--- STATISTIK ---
06:23:40.985,MASTER,S1: OK=9 | FAIL=1 | Data: 9
06:23:40.990,MASTER,S2: OK=10 | FAIL=0 | Data: 10
06:23:40.990,MASTER,Durasi siklus: 147 ms
06:23:40.993,MASTER,========================================
06:23:41.494,MASTER,========================================
06:23:41.494,MASTER,=== CYCLE 11 ===
06:23:41.494,MASTER,[TX] POLL:1
06:23:41.524,S2,[IGNORE] POLL:1
06:23:41.528,S1,[RX] POLL:1 | RSSI: -59 dBm | SNR: 8.50 dB | RX#: 10
06:23:41.528,S1,[TX] S1:DATA:10
06:23:41.561,S2,[IGNORE] S1:DATA:10
06:23:41.567,MASTER,[RX] S1:DATA:10 | RSSI: -56 dBm | SNR: 9.50 dB
06:23:41.567,MASTER,[TX] POLL:2
06:23:41.597,S1,[IGNORE] POLL:2
06:23:41.598,S2,[RX] POLL:2 | RSSI: -33 dBm | SNR: 8.75 dB | RX#: 11
06:23:41.602,S2,[TX] S2:DATA:11
06:23:41.638,S1,[IGNORE] S2:DATA:11
06:23:41.641,MASTER,[RX] S2:DATA:11 | RSSI: -39 dBm | SNR: 7.25 dB
06:23:41.641,MASTER,--- STATISTIK ---
06:23:41.645,MASTER,S1: OK=10 | FAIL=1 | Data: 10
06:23:41.645,MASTER,S2: OK=11 | FAIL=0 | Data: 11
06:23:41.649,MASTER,Durasi siklus: 148 ms
06:23:41.653,MASTER,========================================
06:23:42.149,MASTER,========================================
06:23:42.153,MASTER,=== CYCLE 12 ===
06:23:42.153,MASTER,[TX] POLL:1
06:23:42.180,S2,[IGNORE] POLL:1
06:23:42.183,S1,[RX] POLL:1 | RSSI: -61 dBm | SNR: 9.00 dB | RX#: 11
06:23:42.187,S1,[TX] S1:DATA:11
06:23:42.221,S2,[IGNORE] S1:DATA:11
06:23:42.223,MASTER,[RX] S1:DATA:11 | RSSI: -55 dBm | SNR: 9.25 dB
06:23:42.226,MASTER,[TX] POLL:2
06:23:42.261,S1,[IGNORE] POLL:2
06:23:42.261,S2,[RX] POLL:2 | RSSI: -33 dBm | SNR: 8.75 dB | RX#: 12
06:23:42.262,S2,[TX] S2:DATA:12
06:23:42.293,S1,[IGNORE] S2:DATA:12
06:23:42.296,MASTER,[RX] S2:DATA:12 | RSSI: -51 dBm | SNR: 7.50 dB
06:23:42.300,MASTER,--- STATISTIK ---
06:23:42.300,MASTER,S1: OK=11 | FAIL=1 | Data: 11
06:23:42.304,MASTER,S2: OK=12 | FAIL=0 | Data: 12
06:23:42.308,MASTER,Durasi siklus: 149 ms
06:23:42.309,MASTER,========================================
06:23:42.809,MASTER,========================================
06:23:42.810,MASTER,=== CYCLE 13 ===
06:23:42.812,MASTER,[TX] POLL:1
06:23:42.839,S2,[IGNORE] POLL:1
06:23:42.843,S1,[RX] POLL:1 | RSSI: -62 dBm | SNR: 9.25 dB | RX#: 12
06:23:42.843,S1,[TX] S1:DATA:12
06:23:42.880,S2,[IGNORE] S1:DATA:12
06:23:42.882,MASTER,[RX] S1:DATA:12 | RSSI: -56 dBm | SNR: 9.00 dB
06:23:42.882,MASTER,[TX] POLL:2
06:23:42.912,S1,[IGNORE] POLL:2
06:23:42.917,S2,[RX] POLL:2 | RSSI: -33 dBm | SNR: 9.00 dB | RX#: 13
06:23:42.917,S2,[TX] S2:DATA:13
06:23:42.953,S1,[IGNORE] S2:DATA:13
06:23:42.956,MASTER,[RX] S2:DATA:13 | RSSI: -39 dBm | SNR: 7.00 dB
06:23:42.960,MASTER,--- STATISTIK ---
06:23:42.960,MASTER,S1: OK=12 | FAIL=1 | Data: 12
06:23:42.964,MASTER,S2: OK=13 | FAIL=0 | Data: 13
06:23:42.964,MASTER,Durasi siklus: 148 ms
06:23:42.968,MASTER,========================================
06:23:43.468,MASTER,========================================
06:23:43.468,MASTER,=== CYCLE 14 ===
06:23:43.468,MASTER,[TX] POLL:1
06:23:43.499,S2,[IGNORE] POLL:1
06:23:43.502,S1,[RX] POLL:1 | RSSI: -62 dBm | SNR: 8.75 dB | RX#: 13
06:23:43.503,S1,[TX] S1:DATA:13
06:23:43.541,S2,[IGNORE] S1:DATA:13
06:23:43.542,MASTER,[RX] S1:DATA:13 | RSSI: -55 dBm | SNR: 9.25 dB
06:23:43.542,MASTER,[TX] POLL:2
06:23:43.572,S1,[IGNORE] POLL:2
06:23:43.577,S2,[RX] POLL:2 | RSSI: -33 dBm | SNR: 8.75 dB | RX#: 14
06:23:43.577,S2,[TX] S2:DATA:14
06:23:43.612,S1,[IGNORE] S2:DATA:14
06:23:43.615,MASTER,[RX] S2:DATA:14 | RSSI: -50 dBm | SNR: 8.00 dB
06:23:43.615,MASTER,--- STATISTIK ---
06:23:43.619,MASTER,S1: OK=13 | FAIL=1 | Data: 13
06:23:43.623,MASTER,S2: OK=14 | FAIL=0 | Data: 14
06:23:43.623,MASTER,Durasi siklus: 149 ms
06:23:43.627,MASTER,========================================
06:23:44.127,MASTER,========================================
06:23:44.127,MASTER,=== CYCLE 15 ===
06:23:44.128,MASTER,[TX] POLL:1
06:23:44.158,S2,[IGNORE] POLL:1
06:23:44.161,S1,[RX] POLL:1 | RSSI: -62 dBm | SNR: 9.00 dB | RX#: 14
06:23:44.161,S1,[TX] S1:DATA:14
06:23:44.195,S2,[IGNORE] S1:DATA:14
06:23:44.200,MASTER,[RX] S1:DATA:14 | RSSI: -55 dBm | SNR: 9.50 dB
06:23:44.201,MASTER,[TX] POLL:2
06:23:44.231,S1,[IGNORE] POLL:2
06:23:44.232,S2,[RX] POLL:2 | RSSI: -33 dBm | SNR: 9.00 dB | RX#: 15
06:23:44.236,S2,[TX] S2:DATA:15
06:23:44.272,S1,[IGNORE] S2:DATA:15
06:23:44.274,MASTER,[RX] S2:DATA:15 | RSSI: -51 dBm | SNR: 7.50 dB
06:23:44.275,MASTER,--- STATISTIK ---
06:23:44.278,MASTER,S1: OK=14 | FAIL=1 | Data: 14
06:23:44.279,MASTER,S2: OK=15 | FAIL=0 | Data: 15
06:23:44.283,MASTER,Durasi siklus: 148 ms
06:23:44.286,MASTER,========================================
06:23:44.783,MASTER,========================================
06:23:44.786,MASTER,=== CYCLE 16 ===
06:23:44.787,MASTER,[TX] POLL:1
06:23:44.813,S2,[IGNORE] POLL:1
06:23:44.817,S1,[RX] POLL:1 | RSSI: -62 dBm | SNR: 9.00 dB | RX#: 15
06:23:44.824,S1,[TX] S1:DATA:15
06:23:44.854,S2,[IGNORE] S1:DATA:15
06:23:44.856,MASTER,[RX] S1:DATA:15 | RSSI: -55 dBm | SNR: 9.25 dB
06:23:44.860,MASTER,[TX] POLL:2
06:23:44.890,S1,[IGNORE] POLL:2
06:23:44.891,S2,[RX] POLL:2 | RSSI: -33 dBm | SNR: 9.00 dB | RX#: 16
06:23:44.895,S2,[TX] S2:DATA:16
06:23:44.927,S1,[IGNORE] S2:DATA:16
06:23:44.931,MASTER,[RX] S2:DATA:16 | RSSI: -51 dBm | SNR: 6.25 dB
06:23:44.934,MASTER,--- STATISTIK ---
06:23:44.934,MASTER,S1: OK=15 | FAIL=1 | Data: 15
06:23:44.938,MASTER,S2: OK=16 | FAIL=0 | Data: 16
06:23:44.942,MASTER,Durasi siklus: 149 ms
06:23:44.942,MASTER,========================================
06:23:45.443,MASTER,========================================
06:23:45.443,MASTER,=== CYCLE 17 ===
06:23:45.446,MASTER,[TX] POLL:1
06:23:45.473,S2,[IGNORE] POLL:1
06:23:45.477,S1,[RX] POLL:1 | RSSI: -59 dBm | SNR: 8.50 dB | RX#: 16
06:23:45.480,S1,[TX] S1:DATA:16
06:23:45.514,S2,[IGNORE] S1:DATA:16
06:23:45.515,MASTER,[RX] S1:DATA:16 | RSSI: -55 dBm | SNR: 9.50 dB
06:23:45.516,MASTER,[TX] POLL:2
06:23:45.546,S1,[IGNORE] POLL:2
06:23:45.551,S2,[RX] POLL:2 | RSSI: -33 dBm | SNR: 9.00 dB | RX#: 17
06:23:45.552,S2,[TX] S2:DATA:17
06:23:45.592,S1,[IGNORE] S2:DATA:17
06:23:45.593,MASTER,[RX] S2:DATA:17 | RSSI: -51 dBm | SNR: 7.75 dB
06:23:45.593,MASTER,--- STATISTIK ---
06:23:45.593,MASTER,S1: OK=16 | FAIL=1 | Data: 16
06:23:45.597,MASTER,S2: OK=17 | FAIL=0 | Data: 17
06:23:45.597,MASTER,Durasi siklus: 147 ms
06:23:45.601,MASTER,========================================
06:23:46.106,MASTER,========================================
06:23:46.107,MASTER,=== CYCLE 18 ===
06:23:46.107,MASTER,[TX] POLL:1
06:23:46.132,S2,[IGNORE] POLL:1
06:23:46.135,S1,[RX] POLL:1 | RSSI: -59 dBm | SNR: 8.25 dB | RX#: 17
06:23:46.136,S1,[TX] S1:DATA:17
06:23:46.173,S2,[IGNORE] S1:DATA:17
06:23:46.175,MASTER,[RX] S1:DATA:17 | RSSI: -55 dBm | SNR: 9.25 dB
06:23:46.175,MASTER,[TX] POLL:2
06:23:46.205,S1,[IGNORE] POLL:2
06:23:46.210,S2,[RX] POLL:2 | RSSI: -33 dBm | SNR: 9.00 dB | RX#: 18
06:23:46.210,S2,[TX] S2:DATA:18
06:23:46.246,S1,[IGNORE] S2:DATA:18
06:23:46.249,MASTER,[RX] S2:DATA:18 | RSSI: -51 dBm | SNR: 7.25 dB
06:23:46.249,MASTER,--- STATISTIK ---
06:23:46.253,MASTER,S1: OK=17 | FAIL=1 | Data: 17
06:23:46.257,MASTER,S2: OK=18 | FAIL=0 | Data: 18
06:23:46.257,MASTER,Durasi siklus: 147 ms
06:23:46.261,MASTER,========================================
06:23:46.760,MASTER,========================================
06:23:46.761,MASTER,=== CYCLE 19 ===
06:23:46.761,MASTER,[TX] POLL:1
06:23:46.791,S2,[IGNORE] POLL:1
06:23:46.795,S1,[RX] POLL:1 | RSSI: -62 dBm | SNR: 9.00 dB | RX#: 18
06:23:46.795,S1,[TX] S1:DATA:18
06:23:46.829,S2,[IGNORE] S1:DATA:18
06:23:46.834,MASTER,[RX] S1:DATA:18 | RSSI: -55 dBm | SNR: 9.50 dB
06:23:46.834,MASTER,[TX] POLL:2
06:23:46.864,S1,[IGNORE] POLL:2
06:23:46.866,S2,[RX] POLL:2 | RSSI: -33 dBm | SNR: 9.00 dB | RX#: 19
06:23:46.873,S2,[TX] S2:DATA:19
06:23:46.905,S1,[IGNORE] S2:DATA:19
06:23:46.908,MASTER,[RX] S2:DATA:19 | RSSI: -51 dBm | SNR: 7.50 dB
06:23:46.908,MASTER,--- STATISTIK ---
06:23:46.912,MASTER,S1: OK=18 | FAIL=1 | Data: 18
06:23:46.912,MASTER,S2: OK=19 | FAIL=0 | Data: 19
06:23:46.916,MASTER,Durasi siklus: 148 ms
06:23:46.920,MASTER,========================================
06:23:47.417,MASTER,========================================
06:23:47.420,MASTER,=== CYCLE 20 ===
06:23:47.420,MASTER,[TX] POLL:1
06:23:47.447,S2,[IGNORE] POLL:1
06:23:47.450,S1,[RX] POLL:1 | RSSI: -62 dBm | SNR: 8.75 dB | RX#: 19
06:23:47.454,S1,[TX] S1:DATA:19
06:23:47.488,S2,[IGNORE] S1:DATA:19
06:23:47.490,MASTER,[RX] S1:DATA:19 | RSSI: -55 dBm | SNR: 9.00 dB
06:23:47.493,MASTER,[TX] POLL:2
06:23:47.524,S1,[IGNORE] POLL:2
06:23:47.525,S2,[RX] POLL:2 | RSSI: -33 dBm | SNR: 8.75 dB | RX#: 20
06:23:47.529,S2,[TX] S2:DATA:20
06:23:47.561,S1,[IGNORE] S2:DATA:20
06:23:47.563,MASTER,[RX] S2:DATA:20 | RSSI: -51 dBm | SNR: 7.75 dB
06:23:47.567,MASTER,--- STATISTIK ---
06:23:47.571,MASTER,S1: OK=19 | FAIL=1 | Data: 19
06:23:47.572,MASTER,S2: OK=20 | FAIL=0 | Data: 20
06:23:47.576,MASTER,Durasi siklus: 148 ms
06:23:47.576,MASTER,========================================
06:23:48.076,MASTER,========================================
06:23:48.080,MASTER,=== CYCLE 21 ===
06:23:48.080,MASTER,[TX] POLL:1
06:23:48.106,S2,[IGNORE] POLL:1
06:23:48.110,S1,[RX] POLL:1 | RSSI: -62 dBm | SNR: 9.00 dB | RX#: 20
06:23:48.114,S1,[TX] S1:DATA:20
06:23:48.153,MASTER,[RX] S1:DATA:20 | RSSI: -56 dBm | SNR: 9.00 dB
06:23:48.153,MASTER,[TX] POLL:2
06:23:48.153,S2,[IGNORE] S1:DATA:20
06:23:48.179,S1,[IGNORE] POLL:2
06:23:48.185,S2,[RX] POLL:2 | RSSI: -33 dBm | SNR: 9.00 dB | RX#: 21
06:23:48.185,S2,[TX] S2:DATA:21
06:23:48.220,S1,[IGNORE] S2:DATA:21
06:23:48.223,MASTER,[RX] S2:DATA:21 | RSSI: -51 dBm | SNR: 7.00 dB
06:23:48.227,MASTER,--- STATISTIK ---
06:23:48.227,MASTER,S1: OK=20 | FAIL=1 | Data: 20
06:23:48.231,MASTER,S2: OK=21 | FAIL=0 | Data: 21
06:23:48.231,MASTER,Durasi siklus: 149 ms
06:23:48.235,MASTER,========================================
06:23:48.735,MASTER,========================================
06:23:48.735,MASTER,=== CYCLE 22 ===
06:23:48.738,MASTER,[TX] POLL:1
06:23:48.766,S2,[IGNORE] POLL:1
06:23:48.770,S1,[RX] POLL:1 | RSSI: -62 dBm | SNR: 8.75 dB | RX#: 21
06:23:48.770,S1,[TX] S1:DATA:21
06:23:48.807,S2,[IGNORE] S1:DATA:21
06:23:48.808,MASTER,[RX] S1:DATA:21 | RSSI: -56 dBm | SNR: 9.25 dB
06:23:48.809,MASTER,[TX] POLL:2
06:23:48.839,S1,[IGNORE] POLL:2
06:23:48.844,S2,[RX] POLL:2 | RSSI: -33 dBm | SNR: 9.00 dB | RX#: 22
06:23:48.844,S2,[TX] S2:DATA:22
06:23:48.880,S1,[IGNORE] S2:DATA:22
06:23:48.882,MASTER,[RX] S2:DATA:22 | RSSI: -39 dBm | SNR: 5.25 dB
06:23:48.882,MASTER,--- STATISTIK ---
06:23:48.886,MASTER,S1: OK=21 | FAIL=1 | Data: 21
06:23:48.890,MASTER,S2: OK=22 | FAIL=0 | Data: 22
06:23:48.890,MASTER,Durasi siklus: 148 ms
06:23:48.894,MASTER,========================================
06:23:49.394,MASTER,========================================
06:23:49.395,MASTER,=== CYCLE 23 ===
06:23:49.395,MASTER,[TX] POLL:1
06:23:49.426,S2,[IGNORE] POLL:1
06:23:49.434,S1,[RX] POLL:1 | RSSI: -62 dBm | SNR: 8.75 dB | RX#: 22
06:23:49.434,S1,[TX] S1:DATA:22
06:23:49.462,S2,[IGNORE] S1:DATA:22
06:23:49.468,MASTER,[RX] S1:DATA:22 | RSSI: -56 dBm | SNR: 9.25 dB
06:23:49.468,MASTER,[TX] POLL:2
06:23:49.498,S1,[IGNORE] POLL:2
06:23:49.503,S2,[RX] POLL:2 | RSSI: -34 dBm | SNR: 9.25 dB | RX#: 23
06:23:49.504,S2,[TX] S2:DATA:23
06:23:49.539,S1,[IGNORE] S2:DATA:23
06:23:49.542,MASTER,[RX] S2:DATA:23 | RSSI: -51 dBm | SNR: 6.00 dB
06:23:49.542,MASTER,--- STATISTIK ---
06:23:49.546,MASTER,S1: OK=22 | FAIL=1 | Data: 22
06:23:49.546,MASTER,S2: OK=23 | FAIL=0 | Data: 23
06:23:49.550,MASTER,Durasi siklus: 149 ms
06:23:49.554,MASTER,========================================
06:23:50.050,MASTER,========================================
06:23:50.054,MASTER,=== CYCLE 24 ===
06:23:50.055,MASTER,[TX] POLL:1
06:23:50.081,S2,[IGNORE] POLL:1
06:23:50.085,S1,[RX] POLL:1 | RSSI: -62 dBm | SNR: 9.00 dB | RX#: 23
06:23:50.088,S1,[TX] S1:DATA:23
06:23:50.122,S2,[IGNORE] S1:DATA:23
06:23:50.127,MASTER,[RX] S1:DATA:23 | RSSI: -56 dBm | SNR: 9.25 dB
06:23:50.127,MASTER,[TX] POLL:2
06:23:50.158,S1,[IGNORE] POLL:2
06:23:50.159,S2,[RX] POLL:2 | RSSI: -33 dBm | SNR: 8.75 dB | RX#: 24
06:23:50.162,S2,[TX] S2:DATA:24
06:23:50.198,S1,[IGNORE] S2:DATA:24
06:23:50.201,MASTER,[RX] S2:DATA:24 | RSSI: -51 dBm | SNR: 5.75 dB
06:23:50.201,MASTER,--- STATISTIK ---
06:23:50.205,MASTER,S1: OK=23 | FAIL=1 | Data: 23
06:23:50.205,MASTER,S2: OK=24 | FAIL=0 | Data: 24
06:23:50.209,MASTER,Durasi siklus: 148 ms
06:23:50.213,MASTER,========================================
06:23:50.709,MASTER,========================================
06:23:50.713,MASTER,=== CYCLE 25 ===
06:23:50.713,MASTER,[TX] POLL:1
06:23:50.740,S2,[IGNORE] POLL:1
06:23:50.744,S1,[RX] POLL:1 | RSSI: -62 dBm | SNR: 9.00 dB | RX#: 24
06:23:50.747,S1,[TX] S1:DATA:24
06:23:50.781,S2,[IGNORE] S1:DATA:24
06:23:50.783,MASTER,[RX] S1:DATA:24 | RSSI: -56 dBm | SNR: 9.50 dB
06:23:50.786,MASTER,[TX] POLL:2
06:23:50.817,S1,[IGNORE] POLL:2
06:23:50.818,S2,[RX] POLL:2 | RSSI: -33 dBm | SNR: 8.75 dB | RX#: 25
06:23:50.818,S2,[TX] S2:DATA:25
06:23:50.854,S1,[IGNORE] S2:DATA:25
06:23:50.856,MASTER,[RX] S2:DATA:25 | RSSI: -50 dBm | SNR: 5.00 dB
06:23:50.860,MASTER,--- STATISTIK ---
06:23:50.861,MASTER,S1: OK=24 | FAIL=1 | Data: 24
06:23:50.864,MASTER,S2: OK=25 | FAIL=0 | Data: 25
06:23:50.865,MASTER,Durasi siklus: 149 ms
06:23:50.869,MASTER,========================================
06:23:51.369,MASTER,========================================
